{
  "version": "2.0.0",
  "structure_model": {
    "type": "HMM",
    "A": [
      [
        0.8108909641149172,
        0.18910903588508274
      ],
      [
        0.15922430472197402,
        0.8407756952780261
      ]
    ],
    "pi": [
      0.31806264148150887,
      0.6819373585184911
    ],
    "n_params": 3
  },
  "emission_model": {
    "type": "DOM",
    "n_bins": 8,
    "classes": [
      1,
      2,
      3,
      4,
      5,
      6,
      7,
      8
    ],
    "edges": [
      -Infinity,
      0.013547216216216209,
      0.06276530501930501,
      0.1334686332046332,
      0.26083291891891885,
      0.4844829343629342,
      0.9262674350064347,
      Infinity
    ],
    "chi": [
      [
        0.0009689109062360956,
        6.385430315898212e-05,
        0.011245503259846273,
        0.08555442221291404,
        0.23464936304459405,
        0.2834368291165053,
        0.2840811171567452,
        0.1
      ],
      [
        0.23149563596529693,
        0.22904992137861047,
        0.22788787352557346,
        0.16882443405117842,
        0.04171085186110299,
        0.0010204132470218227,
        1.0869971215919611e-05,
        0.1
      ]
    ],
    "n_params": 12
  }
}