{
  "version": "2.0.0",
  "structure_model": {
    "type": "HMM",
    "A": [
      [
        0.8061851206347991,
        0.19381487936520095
      ],
      [
        0.15530440475770038,
        0.8446955952422996
      ]
    ],
    "pi": [
      0.45562099106170734,
      0.5443790089382927
    ],
    "n_params": 3
  },
  "emission_model": {
    "type": "DOM",
    "n_bins": 8,
    "classes": [
      1,
      2,
      3,
      4,
      5,
      6,
      7,
      8
    ],
    "edges": [
      -Infinity,
      0.01,
      0.057543278850278844,
      0.12467158215358214,
      0.25233132003431996,
      0.4760079579579578,
      0.9502570863720861,
      Infinity
    ],
    "chi": [
      [
        0.0018887682626310565,
        0.00026300558921082636,
        0.00995155634910143,
        0.08970870088756024,
        0.2261046498744428,
        0.2827830175714704,
        0.2893003014655832,
        0.1
      ],
      [
        0.23197905870679658,
        0.23685373295725887,
        0.22394532813195114,
        0.158676471982123,
        0.04757269518641503,
        0.0009584040961024854,
        1.4308939352891601e-05,
        0.1
      ]
    ],
    "n_params": 12
  }
}